network_id,transaction_id,customer_id,transaction_date,transaction_amount,transaction_type,status
NET_1,TX_739204,CUST_1,2024-05-25 02:09:50,2251.24,deposit,failed
NET_1,TX_809129,CUST_1,2024-03-01 10:41:20,53.72,withdrawal,completed
NET_1,TX_483309,CUST_1,2023-12-27 05:34:22,2654.99,deposit,failed
NET_1,TX_994786,CUST_1,2023-11-21 08:50:25,2533.45,withdrawal,failed
NET_1,TX_503142,CUST_1,2024-06-13 06:58:26,3333.94,withdrawal,completed
NET_1,TX_841907,CUST_1,2024-04-09 06:03:48,1771.73,withdrawal,pending
NET_1,TX_746388,CUST_1,2024-07-10 04:55:12,3350.67,withdrawal,failed
NET_1,TX_605240,CUST_1,2024-08-05 03:45:24,3872.31,deposit,completed
NET_1,TX_706054,CUST_1,2023-11-10 21:11:00,2507.9,withdrawal,failed
NET_1,TX_803438,CUST_1,2024-01-28 01:57:38,3539.98,withdrawal,failed
NET_1,TX_715051,CUST_1,2024-05-10 01:18:50,2375.56,withdrawal,completed
NET_1,TX_661647,CUST_1,2023-12-21 00:26:55,3019.02,deposit,completed
NET_1,TX_235066,CUST_1,2024-05-31 08:59:45,3034.32,withdrawal,completed
NET_1,TX_220263,CUST_1,2024-06-30 01:12:53,3086.54,withdrawal,pending
NET_1,TX_351151,CUST_1,2024-01-14 04:48:03,1922.4,withdrawal,completed
NET_1,TX_397195,CUST_1,2024-07-05 19:39:07,3863.15,deposit,completed
NET_1,TX_741717,CUST_1,2024-02-28 09:53:24,4232.91,deposit,completed
NET_1,TX_115009,CUST_1,2024-03-27 15:28:01,2929.18,deposit,failed
NET_1,TX_330996,CUST_1,2024-02-08 14:57:17,3013.2,deposit,completed
NET_1,TX_528560,CUST_1,2024-07-22 18:46:42,1315.18,withdrawal,completed
NET_1,TX_451868,CUST_1,2024-01-06 12:30:22,996.47,withdrawal,completed
NET_1,TX_849398,CUST_1,2023-09-27 19:00:57,2627.37,deposit,completed
NET_1,TX_158890,CUST_1,2024-03-16 03:10:48,2765.88,deposit,completed
NET_1,TX_227187,CUST_1,2023-10-09 07:15:40,2992.13,deposit,completed
NET_1,TX_268150,CUST_1,2024-03-13 13:41:18,1687.97,withdrawal,failed
NET_1,TX_978294,CUST_1,2024-02-26 12:32:20,1688.2,deposit,completed
NET_1,TX_319087,CUST_1,2024-01-27 12:01:46,2701.09,withdrawal,failed
NET_1,TX_195596,CUST_1,2023-12-01 05:53:54,872.11,deposit,completed
NET_1,TX_315615,CUST_1,2023-10-11 11:26:19,2187.84,withdrawal,completed
NET_1,TX_727375,CUST_1,2024-03-06 08:24:35,2985.24,withdrawal,pending
NET_1,TX_649484,CUST_1,2024-04-10 03:53:18,3086.53,deposit,completed
NET_1,TX_481278,CUST_1,2024-08-15 17:56:08,463.05,withdrawal,failed
NET_1,TX_670961,CUST_1,2023-10-30 17:31:56,602.11,deposit,pending
NET_1,TX_232708,CUST_1,2024-06-23 11:30:36,141.87,withdrawal,completed
NET_1,TX_439689,CUST_1,2024-09-01 16:00:22,4328.79,deposit,completed
NET_1,TX_313554,CUST_1,2024-09-09 18:13:44,4737.52,withdrawal,completed
NET_1,TX_855548,CUST_1,2024-08-26 16:58:31,4245.53,deposit,completed
NET_1,TX_131119,CUST_1,2024-06-27 10:12:47,2795.52,deposit,completed
NET_1,TX_846546,CUST_1,2023-10-30 12:49:06,2987.81,deposit,completed
NET_1,TX_500438,CUST_1,2024-06-06 19:40:29,4574.95,deposit,completed
NET_1,TX_406049,CUST_1,2024-08-11 07:14:35,1582.51,deposit,failed
NET_1,TX_925329,CUST_1,2024-04-02 17:04:14,4092.45,withdrawal,completed
NET_1,TX_547159,CUST_1,2023-12-01 01:58:05,1102.49,withdrawal,completed
NET_1,TX_577685,CUST_1,2024-09-09 04:10:19,1697.55,withdrawal,completed
NET_1,TX_824040,CUST_1,2023-12-01 11:35:04,855.38,withdrawal,completed
NET_1,TX_569918,CUST_1,2024-02-25 13:50:18,935.55,withdrawal,completed
NET_1,TX_265948,CUST_1,2023-12-11 23:31:59,3706.02,deposit,pending
NET_1,TX_121995,CUST_1,2023-12-17 10:08:09,1796.71,deposit,failed
NET_1,TX_405411,CUST_1,2024-02-19 02:24:04,2416.11,deposit,completed
NET_1,TX_638145,CUST_1,2024-02-04 17:02:20,916.18,withdrawal,pending
NET_1,TX_206607,CUST_1,2024-09-01 14:39:50,3163.37,withdrawal,completed
NET_1,TX_999009,CUST_1,2024-08-23 23:19:01,4848.4,withdrawal,completed
NET_1,TX_606817,CUST_1,2023-09-24 22:58:04,2257.83,deposit,failed
NET_1,TX_277849,CUST_1,2023-11-19 23:41:34,3981.8,deposit,completed
NET_1,TX_315442,CUST_1,2024-04-15 10:42:42,3588.71,withdrawal,completed
NET_1,TX_398912,CUST_1,2023-11-30 14:32:21,3420.66,withdrawal,completed
NET_1,TX_605133,CUST_1,2024-05-28 13:03:19,3790.73,withdrawal,pending
NET_1,TX_132914,CUST_1,2023-11-03 11:27:46,3884.62,deposit,completed
NET_1,TX_271139,CUST_1,2023-12-13 01:04:09,1597.31,deposit,completed
NET_1,TX_568664,CUST_1,2023-10-16 12:28:12,2825.1,withdrawal,pending
NET_1,TX_342598,CUST_1,2024-09-16 16:07:08,3290.65,withdrawal,pending
NET_1,TX_226428,CUST_1,2024-04-18 06:55:58,3791.37,withdrawal,failed
NET_1,TX_663989,CUST_1,2024-02-02 17:09:06,2709.84,withdrawal,completed
NET_1,TX_697185,CUST_2,2024-01-05 00:41:36,4280.99,deposit,failed
NET_1,TX_975365,CUST_2,2024-04-03 18:46:20,3314.5,withdrawal,completed
NET_1,TX_470241,CUST_2,2023-09-28 02:43:03,4239.97,deposit,completed
NET_1,TX_245390,CUST_2,2024-04-24 00:21:08,3927.06,withdrawal,completed
NET_1,TX_422580,CUST_2,2023-11-26 12:49:59,400.69,deposit,failed
NET_1,TX_158001,CUST_2,2024-08-17 14:33:56,1419.6,withdrawal,completed
NET_1,TX_705664,CUST_2,2023-10-07 02:14:26,297.6,deposit,completed
NET_1,TX_864379,CUST_2,2023-11-30 18:39:11,4626.93,deposit,completed
NET_1,TX_252821,CUST_2,2024-08-02 09:43:35,1480.33,withdrawal,failed
NET_1,TX_952117,CUST_2,2024-01-25 23:43:25,2584.48,deposit,completed
NET_1,TX_846248,CUST_2,2024-01-31 22:43:03,2260.09,deposit,completed
NET_1,TX_379314,CUST_2,2024-09-17 14:02:41,4917.69,withdrawal,completed
NET_1,TX_688705,CUST_2,2023-11-25 13:32:29,383.63,deposit,failed
NET_1,TX_777793,CUST_2,2023-10-09 17:32:45,167.79,withdrawal,failed
NET_1,TX_443103,CUST_2,2023-10-20 17:31:31,4341.28,deposit,completed
NET_1,TX_276310,CUST_2,2023-09-25 01:40:44,3405.62,deposit,completed
NET_1,TX_131164,CUST_2,2023-12-25 22:53:50,1418.54,withdrawal,completed
NET_1,TX_619360,CUST_2,2023-12-22 10:39:07,2366.49,withdrawal,completed
NET_1,TX_498240,CUST_2,2024-01-14 18:08:00,4716.43,deposit,completed
NET_1,TX_573250,CUST_2,2024-02-19 01:01:43,4267.18,withdrawal,completed
NET_1,TX_520470,CUST_2,2024-05-14 02:10:45,792.32,deposit,completed
NET_1,TX_854645,CUST_2,2024-08-19 09:44:09,987.99,deposit,failed
NET_1,TX_729424,CUST_2,2024-07-20 05:59:09,2033.71,deposit,completed
NET_1,TX_327800,CUST_2,2023-11-10 20:06:19,1455.69,withdrawal,completed
NET_1,TX_412078,CUST_2,2024-01-18 08:30:10,1643.09,deposit,pending
NET_1,TX_593609,CUST_2,2024-03-07 05:18:02,1598.53,deposit,completed
NET_1,TX_870392,CUST_2,2024-03-10 08:23:36,1750.39,withdrawal,failed
NET_1,TX_742400,CUST_2,2024-03-02 23:44:59,2109.39,deposit,pending
NET_1,TX_372361,CUST_2,2024-06-16 22:41:08,3926.05,deposit,completed
NET_1,TX_423587,CUST_2,2023-10-03 18:35:16,3753.37,deposit,failed
NET_1,TX_162325,CUST_2,2023-12-27 05:03:15,539.95,withdrawal,pending
NET_1,TX_366007,CUST_2,2024-04-24 22:45:22,2924.89,withdrawal,completed
NET_1,TX_955762,CUST_2,2024-04-25 04:28:43,2681.76,withdrawal,failed
NET_1,TX_183859,CUST_2,2023-10-16 08:52:12,1105.59,withdrawal,completed
NET_1,TX_703259,CUST_2,2023-10-19 05:59:03,2323.71,deposit,completed
NET_1,TX_478902,CUST_2,2024-03-16 10:58:21,1925.94,withdrawal,completed
NET_1,TX_982945,CUST_2,2024-04-03 17:49:25,4253.25,deposit,completed
NET_1,TX_718018,CUST_2,2024-01-21 10:37:04,4841.05,deposit,completed
NET_1,TX_708637,CUST_2,2024-05-13 09:16:56,4353.53,deposit,failed
NET_1,TX_740675,CUST_2,2024-02-21 20:59:26,2914.99,withdrawal,completed
NET_1,TX_171518,CUST_2,2024-01-24 21:19:26,3573.14,deposit,completed
NET_1,TX_115208,CUST_2,2024-01-29 18:55:46,3849.6,deposit,failed
NET_1,TX_861173,CUST_2,2024-05-24 17:33:54,572.84,deposit,completed
NET_1,TX_891300,CUST_2,2024-01-21 11:32:39,4458.06,deposit,completed
NET_1,TX_441158,CUST_2,2024-04-06 05:37:15,2667.05,deposit,completed
NET_1,TX_978874,CUST_2,2023-12-25 04:46:15,2788.85,withdrawal,failed
NET_1,TX_349746,CUST_2,2023-12-21 08:49:38,2018.92,deposit,completed
NET_1,TX_201466,CUST_2,2024-09-07 09:14:44,2978.24,deposit,pending
NET_1,TX_728937,CUST_2,2023-10-22 20:06:11,2075.56,deposit,completed
NET_1,TX_910284,CUST_2,2024-06-17 04:27:17,1911.23,withdrawal,completed
NET_1,TX_105179,CUST_2,2024-06-20 04:20:04,2175.77,withdrawal,completed
NET_1,TX_228770,CUST_2,2024-08-25 19:41:12,487.46,deposit,completed
NET_1,TX_296515,CUST_2,2023-09-30 21:58:03,4469.46,deposit,pending
NET_1,TX_508716,CUST_2,2023-12-08 01:14:11,2589.15,withdrawal,completed
NET_1,TX_392533,CUST_3,2023-11-27 13:26:05,2169.03,withdrawal,completed
NET_1,TX_963461,CUST_3,2024-01-04 09:56:18,3527.94,withdrawal,completed
NET_1,TX_875581,CUST_3,2024-08-24 21:25:33,2701.24,deposit,failed
NET_1,TX_505788,CUST_3,2024-03-18 18:38:41,2095.97,withdrawal,completed
NET_1,TX_281723,CUST_3,2023-10-02 15:24:45,4584.16,deposit,failed
NET_1,TX_421100,CUST_3,2024-03-22 00:54:24,3817.64,deposit,completed
NET_1,TX_233068,CUST_3,2024-01-10 22:57:51,4791.9,deposit,failed
NET_1,TX_238542,CUST_3,2023-12-08 05:13:13,1447.09,deposit,completed
NET_1,TX_472439,CUST_3,2024-03-08 16:28:51,1246.06,deposit,completed
NET_1,TX_190522,CUST_3,2023-10-05 23:19:23,1692.36,withdrawal,completed
NET_1,TX_978282,CUST_3,2024-04-19 20:27:23,2873.13,withdrawal,completed
NET_1,TX_382897,CUST_3,2024-06-01 14:14:31,3382.61,deposit,completed
NET_1,TX_427914,CUST_3,2024-05-29 01:44:44,3029.63,deposit,completed
NET_1,TX_218918,CUST_3,2023-11-03 12:43:17,2627.66,withdrawal,completed
NET_1,TX_788318,CUST_3,2023-10-01 02:45:52,2534.04,withdrawal,failed
NET_1,TX_666090,CUST_3,2024-08-20 05:34:44,1866.13,withdrawal,completed
NET_1,TX_855276,CUST_3,2024-02-21 20:19:22,2135.52,withdrawal,completed
NET_1,TX_321086,CUST_3,2024-06-26 08:32:23,2320.29,deposit,completed
NET_1,TX_556378,CUST_3,2024-06-17 03:34:10,935.02,withdrawal,completed
NET_1,TX_746469,CUST_3,2024-01-23 21:32:49,3975.69,withdrawal,completed
NET_1,TX_221592,CUST_3,2023-12-15 21:15:24,1548.85,withdrawal,completed
NET_1,TX_642821,CUST_3,2023-11-04 23:33:01,1319.17,withdrawal,completed
NET_1,TX_514392,CUST_3,2024-04-20 10:22:05,1567.85,withdrawal,completed
NET_1,TX_443406,CUST_3,2024-07-25 16:42:41,4498.38,withdrawal,completed
NET_1,TX_563450,CUST_3,2024-08-13 07:50:27,3708.94,withdrawal,completed
NET_1,TX_660990,CUST_3,2023-10-14 11:03:33,2969.0,deposit,completed
NET_1,TX_145965,CUST_3,2023-09-28 19:20:27,2318.4,deposit,completed
NET_1,TX_801785,CUST_3,2024-08-26 17:10:04,4821.87,deposit,failed
NET_1,TX_917012,CUST_3,2024-04-07 17:37:50,3868.5,deposit,completed
NET_1,TX_122560,CUST_3,2023-11-18 10:53:29,3078.04,withdrawal,failed
NET_1,TX_809992,CUST_3,2023-09-27 23:02:53,3157.23,withdrawal,completed
NET_1,TX_172240,CUST_3,2024-05-12 04:49:17,3607.82,withdrawal,completed
NET_1,TX_795034,CUST_3,2024-04-23 19:35:15,4249.42,deposit,completed
NET_1,TX_719205,CUST_3,2023-11-13 07:30:03,3297.84,deposit,completed
NET_1,TX_194638,CUST_3,2024-04-05 02:46:40,272.39,deposit,completed
NET_1,TX_536991,CUST_3,2024-03-24 08:01:23,898.39,deposit,failed
NET_1,TX_769871,CUST_3,2024-03-01 22:03:57,3833.94,deposit,completed
NET_1,TX_912344,CUST_3,2023-09-27 17:16:37,1068.91,deposit,completed
NET_1,TX_108315,CUST_3,2023-12-19 17:50:49,2334.43,deposit,completed
NET_1,TX_266883,CUST_4,2024-06-16 07:14:17,4695.92,withdrawal,failed
NET_1,TX_908700,CUST_4,2023-10-22 01:18:45,4493.97,withdrawal,completed
NET_1,TX_480973,CUST_4,2024-05-24 17:05:50,1457.98,deposit,failed
NET_1,TX_159471,CUST_4,2024-05-29 08:24:41,2162.46,deposit,failed
NET_1,TX_715770,CUST_4,2024-02-08 02:20:06,1861.12,withdrawal,failed
NET_1,TX_201815,CUST_4,2023-10-06 23:08:18,3326.07,deposit,completed
NET_1,TX_645751,CUST_4,2024-09-07 02:09:43,738.46,deposit,completed
NET_1,TX_489074,CUST_4,2023-12-28 08:02:26,3074.88,deposit,pending
NET_1,TX_471990,CUST_4,2023-11-16 00:54:27,4184.54,withdrawal,completed
NET_1,TX_803535,CUST_4,2024-02-20 08:41:38,1714.4,withdrawal,completed
NET_1,TX_161220,CUST_4,2024-09-05 22:47:59,1913.57,deposit,completed
NET_1,TX_907399,CUST_4,2024-07-27 13:16:17,3608.45,deposit,pending
NET_1,TX_135129,CUST_4,2024-07-08 07:58:28,3291.73,deposit,completed
NET_1,TX_332282,CUST_4,2024-01-29 23:58:27,3456.42,deposit,completed
NET_1,TX_552622,CUST_4,2023-12-22 18:34:11,3807.66,deposit,completed
NET_1,TX_221163,CUST_4,2023-12-26 10:07:43,121.42,deposit,completed
NET_1,TX_445121,CUST_4,2024-08-14 20:34:30,252.83,deposit,failed
NET_1,TX_796681,CUST_4,2024-04-06 07:45:47,3961.62,deposit,failed
NET_1,TX_505335,CUST_4,2024-06-14 18:20:40,3954.29,withdrawal,completed
NET_1,TX_151232,CUST_4,2023-10-13 04:28:47,4258.93,withdrawal,completed
NET_1,TX_423486,CUST_4,2024-07-26 16:36:51,4238.92,deposit,completed
NET_1,TX_541362,CUST_4,2024-06-19 00:38:39,2970.07,withdrawal,completed
NET_1,TX_680423,CUST_4,2024-03-17 00:55:16,4455.16,deposit,failed
NET_1,TX_299882,CUST_4,2024-01-06 13:56:46,1491.9,withdrawal,completed
NET_1,TX_834022,CUST_4,2024-09-01 01:28:57,1587.37,deposit,completed
NET_1,TX_165473,CUST_4,2024-03-30 13:27:47,376.21,withdrawal,completed
NET_1,TX_650516,CUST_4,2023-10-12 20:43:01,4412.33,withdrawal,pending
NET_1,TX_773736,CUST_4,2024-07-24 18:14:46,3211.39,withdrawal,pending
NET_1,TX_484388,CUST_4,2024-01-18 23:29:40,235.81,withdrawal,completed
NET_1,TX_778607,CUST_4,2023-10-29 03:53:12,2041.94,withdrawal,completed
NET_1,TX_101094,CUST_4,2024-08-16 04:32:10,433.11,deposit,failed
NET_1,TX_767587,CUST_4,2023-12-23 00:03:24,492.78,deposit,completed
NET_1,TX_611636,CUST_4,2024-03-24 02:55:00,3203.8,deposit,completed
NET_1,TX_501580,CUST_4,2024-04-15 21:30:08,1866.58,withdrawal,completed
NET_1,TX_278643,CUST_4,2024-06-24 02:02:29,4054.77,withdrawal,completed
NET_1,TX_504705,CUST_4,2024-09-17 10:10:23,660.35,withdrawal,completed
NET_1,TX_851390,CUST_4,2023-12-27 12:17:22,2558.97,deposit,completed
NET_1,TX_415026,CUST_4,2024-04-03 17:53:24,4141.85,withdrawal,completed
NET_1,TX_452053,CUST_4,2024-05-06 16:19:24,2366.67,withdrawal,completed
NET_1,TX_937060,CUST_4,2023-10-04 23:56:49,1277.15,deposit,completed
NET_1,TX_348937,CUST_4,2023-10-05 01:46:43,269.16,withdrawal,completed
NET_1,TX_115495,CUST_4,2024-08-14 01:23:57,1932.18,deposit,completed
NET_1,TX_600901,CUST_4,2023-12-02 08:52:12,987.13,deposit,completed
NET_1,TX_372369,CUST_4,2023-12-03 20:50:47,3520.28,deposit,completed
NET_1,TX_734169,CUST_4,2023-12-14 10:35:19,3835.8,withdrawal,completed
NET_1,TX_630904,CUST_4,2024-07-27 03:34:27,1008.88,deposit,completed
NET_1,TX_258085,CUST_4,2024-04-02 01:59:52,2720.56,withdrawal,completed
NET_1,TX_372635,CUST_4,2023-11-04 11:01:13,3271.24,withdrawal,completed
NET_1,TX_405345,CUST_4,2024-01-11 23:12:17,1009.77,deposit,completed
NET_1,TX_771344,CUST_4,2024-02-22 18:08:02,3224.35,deposit,completed
NET_1,TX_978437,CUST_4,2024-08-26 23:21:32,3013.37,withdrawal,completed
NET_1,TX_634939,CUST_4,2024-09-08 23:05:42,1272.37,deposit,completed
NET_1,TX_308430,CUST_4,2024-03-06 08:38:05,351.52,deposit,failed
NET_1,TX_251718,CUST_4,2024-05-23 04:42:38,2843.31,deposit,completed
NET_1,TX_268411,CUST_4,2024-01-31 12:35:44,4085.14,withdrawal,pending
NET_1,TX_334286,CUST_4,2024-09-15 01:42:04,944.03,withdrawal,completed
NET_1,TX_957652,CUST_4,2024-01-23 16:44:00,2383.04,deposit,failed
NET_1,TX_680030,CUST_4,2024-05-19 11:28:50,1743.15,deposit,completed
NET_1,TX_572982,CUST_4,2024-07-12 06:31:55,2347.98,withdrawal,failed
NET_1,TX_146772,CUST_4,2024-03-07 07:45:53,4895.06,withdrawal,completed
NET_1,TX_407958,CUST_4,2023-12-21 02:33:24,3101.09,deposit,completed
NET_1,TX_856104,CUST_4,2024-02-24 06:00:33,2956.81,deposit,completed
NET_1,TX_331112,CUST_4,2024-01-11 09:11:02,2671.04,deposit,completed
NET_1,TX_966223,CUST_4,2024-07-14 08:05:15,3144.14,deposit,completed
NET_1,TX_637832,CUST_4,2024-03-17 14:32:05,2418.67,deposit,pending
NET_1,TX_599470,CUST_4,2024-05-18 04:06:10,941.41,withdrawal,completed
NET_1,TX_941976,CUST_4,2024-01-09 22:56:50,2864.29,deposit,completed
NET_1,TX_205819,CUST_4,2024-06-11 14:11:03,4360.54,deposit,completed
NET_1,TX_674587,CUST_4,2024-06-11 00:10:02,1789.36,withdrawal,completed
NET_1,TX_888014,CUST_4,2024-04-30 02:25:05,2469.15,deposit,completed
NET_1,TX_581071,CUST_4,2024-07-30 00:23:27,3285.83,deposit,completed
NET_1,TX_603392,CUST_4,2024-09-03 19:40:48,4184.65,withdrawal,completed
NET_1,TX_533367,CUST_4,2024-01-06 13:34:06,2283.59,deposit,completed
NET_1,TX_128567,CUST_4,2024-03-13 00:18:42,347.07,withdrawal,completed
NET_1,TX_636407,CUST_4,2023-10-02 08:14:07,1479.39,withdrawal,completed
NET_1,TX_269799,CUST_4,2023-12-17 15:22:56,3014.1,deposit,failed
NET_1,TX_652548,CUST_4,2024-02-07 10:29:22,816.74,deposit,completed
NET_1,TX_238175,CUST_4,2024-04-12 14:36:26,4027.48,withdrawal,completed
NET_1,TX_380786,CUST_4,2023-10-29 09:43:01,4460.26,withdrawal,failed
NET_1,TX_985641,CUST_4,2024-06-04 09:17:13,2670.99,withdrawal,completed
NET_1,TX_496797,CUST_4,2024-02-04 12:41:47,3599.5,deposit,completed
NET_1,TX_228178,CUST_4,2024-06-18 08:08:12,3650.2,withdrawal,completed
NET_1,TX_422847,CUST_4,2023-11-01 14:30:27,412.26,withdrawal,completed
NET_1,TX_432417,CUST_4,2024-02-24 23:51:01,799.56,withdrawal,completed
NET_1,TX_197088,CUST_4,2024-03-30 15:34:38,749.11,deposit,completed
NET_1,TX_287980,CUST_4,2024-05-26 16:56:23,495.12,deposit,completed
NET_1,TX_835103,CUST_4,2024-03-26 16:40:18,766.66,withdrawal,completed
NET_1,TX_606840,CUST_4,2024-08-31 07:47:33,637.58,deposit,completed
NET_1,TX_343673,CUST_4,2024-06-20 08:44:07,1568.73,withdrawal,completed
NET_1,TX_353643,CUST_4,2024-04-23 12:38:19,3371.65,deposit,completed
NET_1,TX_560144,CUST_4,2024-05-22 10:46:05,2659.84,deposit,failed
NET_1,TX_827853,CUST_4,2023-12-11 05:05:37,2426.32,deposit,completed
NET_1,TX_560611,CUST_4,2023-12-09 09:20:29,162.33,deposit,pending
NET_1,TX_385051,CUST_4,2024-03-30 22:56:44,1613.5,deposit,completed
NET_1,TX_908689,CUST_4,2024-07-31 21:49:52,4733.29,deposit,completed
NET_1,TX_330041,CUST_4,2024-04-18 01:00:17,1121.89,deposit,failed
NET_1,TX_319646,CUST_4,2024-03-07 01:15:43,2815.6,withdrawal,completed
NET_1,TX_468293,CUST_4,2023-10-19 06:17:23,3536.35,deposit,completed
NET_1,TX_125118,CUST_4,2023-10-08 02:37:37,1937.12,deposit,pending
NET_1,TX_193980,CUST_5,2024-04-24 02:45:10,1397.39,deposit,completed
NET_1,TX_140757,CUST_5,2024-08-04 04:24:24,387.86,deposit,completed
NET_1,TX_404835,CUST_5,2023-12-07 14:16:02,637.48,deposit,completed
NET_1,TX_632612,CUST_5,2023-11-22 15:05:42,4434.4,withdrawal,completed
NET_1,TX_383511,CUST_5,2024-05-06 14:26:29,2305.83,withdrawal,completed
NET_1,TX_907021,CUST_5,2024-02-01 20:28:41,4714.53,deposit,failed
NET_1,TX_511858,CUST_5,2024-02-01 23:03:09,158.3,deposit,completed
NET_1,TX_731819,CUST_5,2024-08-16 18:10:14,1835.04,withdrawal,completed
NET_1,TX_650432,CUST_5,2023-10-15 06:53:36,2161.59,withdrawal,completed
NET_1,TX_460378,CUST_5,2023-12-14 10:28:58,4313.08,withdrawal,completed
NET_1,TX_729771,CUST_5,2024-02-15 04:21:21,414.15,deposit,completed
NET_1,TX_495648,CUST_5,2024-05-15 00:16:37,3420.27,deposit,pending
NET_1,TX_178005,CUST_5,2024-02-21 16:43:18,4097.15,deposit,completed
NET_1,TX_227004,CUST_5,2023-10-27 08:57:39,4124.94,deposit,completed
NET_1,TX_971305,CUST_5,2023-10-13 14:47:23,2358.92,deposit,completed
NET_1,TX_863560,CUST_5,2024-01-26 15:22:36,3092.61,withdrawal,failed
NET_1,TX_831759,CUST_5,2024-02-25 14:07:06,439.75,withdrawal,pending
NET_1,TX_585520,CUST_5,2023-12-26 16:07:49,2331.95,withdrawal,completed
NET_1,TX_503942,CUST_5,2024-08-11 12:17:55,2880.37,deposit,completed
NET_1,TX_618837,CUST_5,2024-05-02 03:11:30,3936.44,deposit,pending
NET_1,TX_729184,CUST_5,2024-03-25 03:00:36,2550.32,withdrawal,completed
NET_1,TX_129137,CUST_5,2023-09-21 13:27:06,2678.98,withdrawal,completed
NET_1,TX_170479,CUST_5,2023-11-20 16:37:30,3818.86,deposit,completed
NET_1,TX_254416,CUST_5,2024-08-22 15:40:14,1343.05,withdrawal,completed
NET_1,TX_471389,CUST_5,2024-06-13 06:34:54,473.95,withdrawal,completed
NET_1,TX_573506,CUST_5,2023-12-16 05:32:06,2152.63,withdrawal,completed
NET_1,TX_830126,CUST_5,2023-12-01 18:17:16,1461.14,withdrawal,failed
NET_1,TX_334553,CUST_5,2023-11-10 19:29:45,4467.26,withdrawal,completed
NET_1,TX_871076,CUST_5,2024-06-21 06:16:55,4491.34,deposit,failed
NET_1,TX_131889,CUST_5,2024-05-24 02:50:48,3238.26,deposit,completed
NET_1,TX_335805,CUST_5,2024-03-08 07:47:08,1043.41,deposit,completed
NET_1,TX_961784,CUST_5,2023-10-03 17:30:48,2700.13,withdrawal,completed
NET_1,TX_105795,CUST_5,2024-06-25 06:01:23,903.12,withdrawal,completed
NET_1,TX_889522,CUST_5,2023-11-21 05:13:36,4702.21,withdrawal,completed
NET_1,TX_545092,CUST_5,2024-09-18 04:48:36,1395.89,deposit,completed
NET_1,TX_517145,CUST_5,2024-08-20 16:44:51,3541.77,withdrawal,failed
NET_1,TX_682041,CUST_5,2023-12-23 16:22:29,980.42,withdrawal,completed
NET_1,TX_362472,CUST_5,2024-05-12 01:57:32,171.21,withdrawal,completed
NET_1,TX_498776,CUST_5,2023-10-16 13:47:12,362.62,deposit,failed
NET_1,TX_504478,CUST_5,2024-09-11 10:33:04,4997.21,withdrawal,completed
NET_1,TX_791588,CUST_5,2024-04-14 22:46:58,4694.97,withdrawal,completed
NET_1,TX_521927,CUST_5,2024-05-06 03:20:05,502.91,withdrawal,completed
NET_1,TX_378785,CUST_5,2024-09-20 10:27:45,1523.4,withdrawal,completed
NET_1,TX_999134,CUST_5,2023-11-04 00:55:49,3061.19,withdrawal,pending
NET_1,TX_263473,CUST_5,2024-06-16 18:06:44,4346.34,withdrawal,completed
NET_1,TX_891339,CUST_5,2023-09-26 08:00:33,952.3,deposit,failed
NET_1,TX_623324,CUST_5,2023-11-13 03:19:29,557.83,withdrawal,completed
NET_1,TX_195005,CUST_5,2024-04-22 11:37:17,600.32,withdrawal,completed
NET_1,TX_738484,CUST_5,2024-08-11 13:22:17,3804.23,withdrawal,completed
NET_1,TX_824494,CUST_5,2023-09-22 18:58:25,327.78,withdrawal,completed
NET_1,TX_181171,CUST_5,2024-02-14 15:18:17,3990.21,deposit,failed
NET_1,TX_346174,CUST_5,2024-07-21 09:35:48,3467.58,withdrawal,pending
NET_1,TX_140928,CUST_5,2024-07-17 19:13:13,2411.39,withdrawal,completed
NET_1,TX_792854,CUST_5,2023-10-09 16:18:58,1066.02,withdrawal,completed
NET_1,TX_710932,CUST_5,2024-04-20 10:32:23,4525.18,deposit,completed
NET_1,TX_217609,CUST_5,2023-10-07 23:09:40,3684.64,deposit,completed
NET_1,TX_613237,CUST_5,2024-08-11 05:12:39,149.44,withdrawal,completed
NET_1,TX_119348,CUST_5,2024-02-13 01:15:34,4118.18,withdrawal,completed
NET_1,TX_582810,CUST_6,2024-05-31 11:46:26,1993.2,withdrawal,completed
NET_1,TX_793439,CUST_6,2024-07-10 07:42:23,116.4,deposit,completed
NET_1,TX_913643,CUST_6,2023-10-26 06:20:33,1369.76,withdrawal,pending
NET_1,TX_779849,CUST_6,2024-05-12 13:57:18,3963.59,deposit,completed
NET_1,TX_922973,CUST_6,2024-02-02 07:17:08,4007.88,deposit,completed
NET_1,TX_229018,CUST_6,2023-11-14 10:29:28,1746.18,deposit,completed
NET_1,TX_857527,CUST_6,2023-09-26 21:27:15,538.34,deposit,pending
NET_1,TX_236519,CUST_6,2023-09-21 16:06:58,1407.16,deposit,completed
NET_1,TX_297719,CUST_6,2023-10-02 12:42:01,3747.59,withdrawal,failed
NET_1,TX_693162,CUST_6,2023-10-15 14:19:25,1300.27,deposit,completed
NET_1,TX_392354,CUST_6,2024-04-16 18:07:25,2158.62,deposit,completed
NET_1,TX_541161,CUST_6,2023-12-24 01:52:03,888.15,withdrawal,pending
NET_1,TX_791561,CUST_6,2024-02-20 12:05:17,1647.04,withdrawal,completed
NET_1,TX_832072,CUST_6,2023-09-29 01:32:10,3085.21,deposit,failed
NET_1,TX_461802,CUST_6,2024-05-13 06:31:01,4805.17,withdrawal,completed
NET_1,TX_560551,CUST_6,2024-07-23 23:14:55,3259.83,withdrawal,completed
NET_1,TX_264091,CUST_6,2023-11-07 10:31:49,1502.65,deposit,pending
NET_1,TX_200503,CUST_6,2024-05-26 09:20:41,314.97,withdrawal,pending
NET_1,TX_899859,CUST_6,2024-09-13 00:50:15,3888.82,withdrawal,completed
NET_1,TX_153099,CUST_6,2024-02-23 16:32:00,1193.24,deposit,pending
NET_1,TX_147196,CUST_6,2024-01-24 16:49:41,1386.81,deposit,completed
NET_1,TX_349657,CUST_6,2024-06-26 09:14:27,146.33,deposit,completed
NET_1,TX_743159,CUST_6,2024-03-25 15:23:41,3765.7,withdrawal,completed
NET_1,TX_186111,CUST_6,2024-09-04 19:01:42,3914.33,withdrawal,pending
NET_1,TX_611194,CUST_6,2024-01-01 11:54:25,920.17,deposit,completed
NET_1,TX_823023,CUST_6,2024-08-01 11:29:30,252.49,withdrawal,completed
NET_1,TX_375398,CUST_6,2024-07-08 09:12:25,4766.83,withdrawal,completed
NET_1,TX_817644,CUST_6,2024-01-27 03:00:08,4497.55,withdrawal,completed
NET_1,TX_286363,CUST_6,2024-05-18 10:01:55,817.51,deposit,completed
NET_1,TX_566884,CUST_6,2024-09-07 02:27:10,2876.11,withdrawal,completed
NET_1,TX_739533,CUST_6,2023-12-26 20:42:58,4674.0,withdrawal,failed
NET_1,TX_115363,CUST_6,2023-11-01 02:33:30,1014.8,deposit,completed
NET_1,TX_376280,CUST_6,2024-08-01 16:36:07,1169.42,withdrawal,completed
NET_1,TX_722258,CUST_6,2024-03-15 11:13:05,1544.41,withdrawal,completed
NET_1,TX_605578,CUST_6,2023-12-28 20:04:10,2661.28,withdrawal,completed
NET_1,TX_167443,CUST_6,2023-10-24 16:10:09,4098.21,withdrawal,completed
NET_1,TX_254118,CUST_6,2024-02-26 12:17:44,4797.56,withdrawal,completed
NET_1,TX_732077,CUST_6,2023-10-09 17:35:47,4580.61,withdrawal,completed
NET_1,TX_953492,CUST_6,2024-08-28 15:04:42,1131.65,deposit,completed
NET_1,TX_611087,CUST_6,2024-04-28 18:19:33,2189.35,withdrawal,completed
NET_1,TX_873560,CUST_6,2024-07-28 12:41:49,3240.05,deposit,completed
NET_1,TX_707805,CUST_6,2023-12-27 05:54:32,4623.45,deposit,completed
NET_1,TX_114075,CUST_6,2024-08-17 01:14:08,4070.38,withdrawal,completed
NET_1,TX_153472,CUST_6,2024-03-25 03:06:01,3701.85,deposit,completed
NET_1,TX_419077,CUST_6,2024-09-09 09:19:23,1625.4,deposit,completed
NET_1,TX_542186,CUST_6,2024-07-24 05:13:45,903.17,deposit,completed
NET_1,TX_266948,CUST_6,2023-11-07 04:42:28,803.92,deposit,completed
NET_1,TX_879453,CUST_6,2024-04-28 20:59:27,4570.37,deposit,pending
NET_1,TX_681269,CUST_6,2024-06-26 08:11:17,2431.14,withdrawal,failed
NET_1,TX_541998,CUST_6,2024-04-30 12:24:53,1692.14,deposit,completed
NET_1,TX_670440,CUST_6,2024-03-01 09:08:47,4877.57,withdrawal,failed
NET_1,TX_519786,CUST_6,2024-03-23 06:27:17,1556.67,deposit,completed
NET_1,TX_904073,CUST_6,2024-08-21 14:37:08,3818.08,withdrawal,completed
NET_1,TX_460911,CUST_6,2024-03-18 21:32:02,2863.18,deposit,completed
NET_1,TX_688287,CUST_7,2024-07-29 05:55:00,4914.45,deposit,failed
NET_1,TX_439103,CUST_7,2024-09-03 14:16:19,2711.26,withdrawal,completed
NET_1,TX_610659,CUST_7,2024-01-25 20:48:40,3351.62,withdrawal,failed
NET_1,TX_784396,CUST_7,2024-04-07 19:40:01,3723.46,withdrawal,pending
NET_1,TX_642627,CUST_7,2024-05-21 00:04:43,4284.41,deposit,completed
NET_1,TX_148126,CUST_7,2024-08-01 17:18:23,4181.99,deposit,failed
NET_1,TX_257437,CUST_7,2024-05-30 03:14:02,156.72,withdrawal,completed
NET_1,TX_763181,CUST_7,2024-05-12 12:06:33,682.1,withdrawal,completed
NET_1,TX_855796,CUST_7,2024-09-14 04:35:48,1875.47,withdrawal,completed
NET_1,TX_406713,CUST_7,2023-09-26 04:00:01,776.32,deposit,completed
NET_1,TX_165012,CUST_7,2024-03-12 10:06:30,873.18,deposit,completed
NET_1,TX_840926,CUST_7,2024-09-19 03:05:04,3405.35,withdrawal,pending
NET_1,TX_109133,CUST_7,2023-11-28 08:16:35,3076.16,deposit,failed
NET_1,TX_691459,CUST_7,2024-02-02 20:16:41,1488.89,deposit,completed
NET_1,TX_564796,CUST_7,2023-10-30 10:04:06,4333.41,withdrawal,completed
NET_1,TX_934041,CUST_7,2024-08-18 03:32:21,4467.3,withdrawal,completed
NET_1,TX_667274,CUST_7,2024-08-09 12:02:06,2688.81,deposit,completed
NET_1,TX_202982,CUST_7,2024-08-27 18:07:30,628.32,deposit,completed
NET_1,TX_584047,CUST_7,2024-05-23 08:55:31,456.94,deposit,completed
NET_1,TX_543070,CUST_8,2024-06-12 07:48:02,3987.05,withdrawal,failed
NET_1,TX_731602,CUST_8,2024-05-17 11:11:28,419.33,withdrawal,completed
NET_1,TX_642746,CUST_8,2024-01-19 13:54:48,1856.74,deposit,completed
NET_1,TX_267596,CUST_8,2023-12-16 03:11:50,3391.43,withdrawal,pending
NET_1,TX_377976,CUST_8,2024-02-23 21:27:08,3038.47,deposit,completed
NET_1,TX_866762,CUST_8,2024-03-14 16:56:23,2182.03,deposit,completed
NET_1,TX_588991,CUST_8,2024-08-04 10:00:13,265.82,deposit,failed
NET_1,TX_697396,CUST_8,2023-09-21 11:19:33,2718.13,withdrawal,failed
NET_1,TX_400727,CUST_8,2024-04-16 14:03:36,723.24,withdrawal,completed
NET_1,TX_108522,CUST_8,2023-10-10 14:17:41,4104.49,withdrawal,completed
NET_1,TX_251581,CUST_8,2024-04-03 17:35:55,62.41,withdrawal,completed
NET_1,TX_601995,CUST_8,2024-02-18 07:50:06,4191.5,withdrawal,failed
NET_1,TX_421437,CUST_8,2023-10-13 09:51:57,4977.1,withdrawal,completed
NET_1,TX_755300,CUST_8,2023-11-01 21:41:58,3664.9,withdrawal,completed
NET_1,TX_366609,CUST_8,2023-12-17 21:19:02,3301.39,withdrawal,completed
NET_1,TX_687590,CUST_8,2024-08-14 23:25:41,2011.08,withdrawal,completed
NET_1,TX_204021,CUST_8,2023-12-06 18:16:47,1315.52,withdrawal,failed
NET_1,TX_773505,CUST_8,2024-02-01 21:15:05,2328.24,withdrawal,completed
NET_1,TX_897449,CUST_8,2024-01-01 05:00:42,1636.27,withdrawal,completed
NET_1,TX_576944,CUST_8,2024-01-27 12:25:32,3570.56,withdrawal,completed
NET_1,TX_961485,CUST_8,2024-09-07 03:46:15,3162.71,deposit,completed
NET_1,TX_366308,CUST_8,2024-01-09 16:13:13,3728.77,withdrawal,completed
NET_1,TX_103908,CUST_8,2024-03-30 01:19:17,4403.24,deposit,completed
NET_1,TX_882585,CUST_8,2023-09-27 13:48:22,4752.44,deposit,completed
NET_1,TX_548056,CUST_8,2024-05-31 17:08:43,4750.46,withdrawal,pending
NET_1,TX_726091,CUST_8,2024-09-04 21:30:07,1480.94,deposit,completed
NET_1,TX_199192,CUST_8,2024-03-31 23:34:28,4332.74,withdrawal,completed
NET_1,TX_596832,CUST_8,2024-05-16 01:39:06,1060.73,deposit,pending
NET_1,TX_588622,CUST_8,2024-01-13 15:11:54,1129.4,withdrawal,completed
NET_1,TX_166404,CUST_8,2023-10-28 06:56:01,1481.88,withdrawal,completed
NET_1,TX_812291,CUST_8,2023-11-17 00:45:55,1900.26,deposit,failed
NET_1,TX_299590,CUST_8,2024-05-24 00:37:07,1695.86,deposit,completed
NET_1,TX_978531,CUST_8,2024-08-17 17:36:50,930.22,withdrawal,failed
NET_1,TX_954574,CUST_8,2024-07-05 20:39:12,4608.64,withdrawal,completed
NET_1,TX_777399,CUST_8,2024-09-12 18:32:34,3933.36,withdrawal,pending
NET_1,TX_961334,CUST_8,2024-03-22 22:47:17,3469.53,deposit,failed
NET_1,TX_266523,CUST_8,2024-08-13 20:05:04,648.04,deposit,pending
NET_1,TX_162600,CUST_8,2024-09-15 16:12:26,3531.55,deposit,completed
NET_1,TX_398974,CUST_8,2024-05-05 07:55:29,3232.48,withdrawal,completed
NET_1,TX_280222,CUST_8,2024-04-13 03:23:34,1415.56,withdrawal,pending
NET_1,TX_696797,CUST_8,2024-05-13 01:27:59,2664.04,withdrawal,completed
NET_1,TX_954106,CUST_8,2024-05-04 05:11:24,4131.82,deposit,completed
NET_1,TX_716186,CUST_8,2023-10-11 03:03:16,226.95,deposit,completed
NET_1,TX_835846,CUST_8,2024-03-04 04:44:31,4996.92,withdrawal,completed
NET_1,TX_177272,CUST_8,2023-12-04 20:14:21,4168.61,deposit,completed
NET_1,TX_591622,CUST_8,2023-10-10 15:57:51,390.85,deposit,completed
NET_1,TX_200287,CUST_9,2023-10-02 22:25:09,549.14,deposit,completed
NET_1,TX_621832,CUST_9,2024-06-15 09:55:12,2275.8,withdrawal,completed
NET_1,TX_269622,CUST_9,2024-01-08 10:17:47,2203.04,withdrawal,failed
NET_1,TX_933475,CUST_9,2024-07-11 11:13:52,2812.65,withdrawal,completed
NET_1,TX_838824,CUST_9,2024-01-20 11:43:21,941.96,withdrawal,completed
NET_1,TX_561926,CUST_9,2023-10-19 04:59:46,2979.0,withdrawal,completed
NET_1,TX_508489,CUST_9,2023-09-24 03:50:40,2447.7,deposit,completed
NET_1,TX_292187,CUST_9,2023-10-16 21:19:40,161.78,deposit,failed
NET_1,TX_760211,CUST_9,2024-08-26 12:59:57,3139.27,deposit,failed
NET_1,TX_623523,CUST_9,2024-01-18 08:07:02,4697.92,withdrawal,completed
NET_1,TX_363032,CUST_9,2023-11-19 14:59:58,2551.49,withdrawal,completed
NET_1,TX_654910,CUST_9,2024-06-15 02:15:39,4449.04,deposit,completed
NET_1,TX_197439,CUST_9,2023-12-05 23:31:13,1299.17,withdrawal,completed
NET_1,TX_912208,CUST_9,2024-09-04 04:11:07,3606.04,withdrawal,completed
NET_1,TX_404874,CUST_9,2024-07-14 03:07:10,2398.35,withdrawal,completed
NET_1,TX_545133,CUST_9,2023-11-09 18:40:57,3248.21,deposit,completed
NET_1,TX_994511,CUST_9,2024-04-11 20:25:08,3632.05,deposit,failed
NET_1,TX_829983,CUST_9,2023-12-18 16:51:17,2305.18,withdrawal,completed
NET_1,TX_332296,CUST_9,2024-03-05 05:46:53,4675.82,withdrawal,failed
NET_1,TX_160964,CUST_9,2024-01-19 09:05:01,3517.62,deposit,failed
NET_1,TX_274749,CUST_9,2024-09-06 16:05:09,1522.59,withdrawal,completed
NET_1,TX_639982,CUST_9,2024-04-18 20:49:15,1496.74,deposit,failed
NET_1,TX_184532,CUST_9,2024-05-28 06:16:24,932.9,deposit,completed
NET_1,TX_765315,CUST_9,2024-03-10 17:03:40,4368.73,withdrawal,failed
NET_1,TX_509022,CUST_9,2024-07-14 18:52:57,3739.55,withdrawal,completed
NET_1,TX_461904,CUST_9,2023-10-08 18:24:21,4980.43,deposit,completed
NET_1,TX_244923,CUST_9,2024-05-02 01:56:19,2956.97,deposit,failed
NET_1,TX_517995,CUST_9,2024-01-14 17:57:09,3326.91,deposit,completed
NET_1,TX_321747,CUST_9,2024-09-06 17:39:17,941.82,deposit,completed
NET_1,TX_574567,CUST_9,2024-01-06 13:12:39,4068.07,withdrawal,completed
NET_1,TX_266300,CUST_10,2024-09-18 20:45:14,591.16,withdrawal,pending
NET_1,TX_467681,CUST_10,2024-01-13 18:12:16,2210.68,withdrawal,pending
NET_1,TX_806183,CUST_10,2024-06-19 13:45:01,1786.85,withdrawal,completed
NET_1,TX_543774,CUST_10,2024-09-20 03:37:34,1459.26,withdrawal,completed
NET_1,TX_107212,CUST_10,2024-05-28 18:16:35,2839.12,deposit,completed
NET_1,TX_776566,CUST_10,2023-12-08 17:39:56,3198.24,deposit,pending
NET_1,TX_124777,CUST_10,2023-10-04 13:35:35,677.82,deposit,failed
NET_1,TX_867472,CUST_10,2024-07-15 17:39:13,4762.78,deposit,pending
NET_1,TX_901309,CUST_10,2024-01-22 11:35:21,3462.46,withdrawal,completed
NET_1,TX_747652,CUST_10,2024-02-22 03:37:45,573.35,withdrawal,completed
NET_1,TX_708573,CUST_10,2024-07-16 14:10:25,962.47,withdrawal,completed
NET_1,TX_757805,CUST_10,2023-09-28 17:45:09,2156.3,withdrawal,completed
NET_1,TX_730980,CUST_10,2024-01-23 13:49:46,2697.68,withdrawal,failed
NET_1,TX_298133,CUST_10,2024-05-17 18:50:20,3534.02,deposit,completed
NET_1,TX_244620,CUST_10,2023-09-25 03:46:02,1250.49,withdrawal,failed
NET_1,TX_188523,CUST_10,2024-02-23 01:31:28,4698.16,deposit,completed
NET_1,TX_791829,CUST_10,2024-02-17 09:01:43,4746.57,withdrawal,pending
NET_1,TX_680802,CUST_10,2023-12-01 10:31:09,481.87,deposit,completed
NET_1,TX_195549,CUST_10,2024-07-07 20:18:05,255.53,deposit,completed
NET_1,TX_858710,CUST_10,2024-02-05 17:12:46,4369.71,deposit,failed
NET_1,TX_801518,CUST_10,2024-06-30 21:30:22,4987.23,deposit,completed
NET_1,TX_569137,CUST_10,2024-08-22 13:13:09,4129.54,withdrawal,completed
NET_1,TX_466841,CUST_10,2024-06-25 16:36:58,3416.83,withdrawal,completed
NET_1,TX_501407,CUST_10,2024-08-09 11:45:40,2066.66,deposit,completed
NET_1,TX_808562,CUST_10,2023-12-23 16:06:50,2117.6,withdrawal,completed
NET_1,TX_774092,CUST_10,2023-10-29 14:49:25,1584.87,deposit,completed
NET_1,TX_942652,CUST_10,2023-10-21 05:00:20,4313.26,deposit,failed
NET_1,TX_964145,CUST_10,2023-12-16 06:42:24,500.78,deposit,completed
NET_1,TX_489686,CUST_10,2024-09-05 12:30:44,533.22,deposit,completed
NET_1,TX_758825,CUST_10,2024-09-17 15:30:13,2512.59,withdrawal,pending
NET_1,TX_365756,CUST_10,2024-01-24 18:44:16,4390.53,withdrawal,completed
NET_1,TX_884798,CUST_10,2024-06-11 17:59:04,2369.81,deposit,pending
NET_1,TX_720501,CUST_10,2023-12-13 15:39:34,2612.37,withdrawal,completed
NET_1,TX_377302,CUST_10,2024-08-21 22:39:13,1503.83,deposit,completed
NET_1,TX_864656,CUST_10,2023-11-28 04:00:05,2287.2,deposit,pending
NET_1,TX_641224,CUST_10,2024-04-22 18:57:52,140.03,withdrawal,completed
NET_1,TX_747837,CUST_10,2024-05-14 09:38:23,3382.65,withdrawal,completed
NET_1,TX_352765,CUST_10,2024-01-12 07:58:27,2894.04,withdrawal,completed
NET_1,TX_780085,CUST_10,2024-05-03 11:19:07,2609.46,withdrawal,completed
NET_1,TX_702756,CUST_10,2024-02-12 19:46:51,2083.33,deposit,pending
NET_1,TX_817793,CUST_10,2023-12-02 19:21:06,2893.95,withdrawal,pending
NET_1,TX_939452,CUST_10,2023-11-09 05:47:14,762.65,deposit,completed
NET_1,TX_390960,CUST_10,2024-03-24 18:05:51,4981.27,deposit,failed
NET_1,TX_694636,CUST_10,2024-05-18 01:57:17,2654.61,withdrawal,completed
NET_1,TX_517940,CUST_10,2024-06-26 04:40:41,583.74,withdrawal,completed
NET_1,TX_362823,CUST_10,2024-02-04 00:07:00,2378.9,withdrawal,completed
NET_1,TX_685906,CUST_10,2023-11-10 07:14:44,4342.31,withdrawal,failed
NET_1,TX_413532,CUST_10,2024-07-17 07:28:07,4216.16,deposit,completed
NET_1,TX_142389,CUST_10,2024-02-15 12:52:18,206.33,withdrawal,completed
NET_1,TX_275089,CUST_10,2024-01-06 11:04:41,3712.14,deposit,completed
NET_1,TX_215326,CUST_10,2024-01-12 13:54:31,1331.33,withdrawal,completed
NET_1,TX_446414,CUST_10,2024-04-17 03:58:55,4852.72,withdrawal,completed
NET_1,TX_568112,CUST_10,2024-04-03 23:52:57,2016.61,withdrawal,completed
NET_1,TX_512894,CUST_10,2023-11-19 14:26:37,1534.99,deposit,completed
NET_1,TX_990985,CUST_10,2024-02-02 22:53:23,2823.22,deposit,failed
NET_1,TX_780165,CUST_10,2024-04-05 00:05:56,796.14,deposit,completed
NET_1,TX_463868,CUST_10,2023-11-07 23:20:55,4731.98,withdrawal,completed
NET_1,TX_194591,CUST_10,2024-02-20 06:23:57,2084.37,deposit,completed
NET_1,TX_666201,CUST_10,2024-04-28 21:05:12,2660.2,withdrawal,completed
NET_1,TX_748139,CUST_10,2024-03-04 06:48:52,1557.4,withdrawal,completed
NET_1,TX_779049,CUST_10,2024-05-06 15:37:47,4575.44,deposit,completed
NET_1,TX_251201,CUST_10,2024-07-02 02:26:12,4051.23,withdrawal,failed
NET_1,TX_386369,CUST_10,2024-06-07 04:02:35,4511.11,deposit,completed
NET_1,TX_168191,CUST_10,2023-11-27 10:04:03,1197.48,withdrawal,completed
NET_1,TX_737972,CUST_10,2024-08-22 22:22:35,1169.89,deposit,failed
NET_1,TX_305495,CUST_10,2023-10-14 11:15:23,2335.88,deposit,failed
NET_1,TX_766677,CUST_10,2024-08-23 16:25:49,131.9,withdrawal,completed
NET_1,TX_497158,CUST_10,2024-06-01 13:12:31,670.26,deposit,completed
NET_1,TX_416704,CUST_10,2023-11-23 06:47:06,4059.13,deposit,pending
NET_1,TX_765992,CUST_10,2023-10-25 23:04:05,2641.08,withdrawal,completed
NET_1,TX_818512,CUST_10,2024-01-05 21:40:58,4232.03,deposit,failed
NET_1,TX_139260,CUST_10,2024-02-03 01:27:17,212.06,deposit,completed
NET_1,TX_937790,CUST_10,2023-09-27 17:44:59,1755.1,withdrawal,completed
NET_1,TX_804706,CUST_10,2024-04-27 02:12:05,1232.52,withdrawal,completed
NET_1,TX_123679,CUST_10,2024-05-14 08:43:53,1750.91,deposit,completed
NET_1,TX_187031,CUST_10,2024-07-07 13:30:11,2153.41,withdrawal,completed
NET_1,TX_273474,CUST_10,2024-07-26 08:31:18,4165.32,withdrawal,completed
NET_1,TX_286532,CUST_10,2024-04-30 06:44:13,3560.34,deposit,completed
NET_1,TX_902151,CUST_10,2024-01-12 22:11:35,3857.38,deposit,pending
NET_1,TX_223524,CUST_10,2024-03-27 22:51:57,3677.54,deposit,completed
NET_1,TX_565454,CUST_10,2024-01-11 23:27:24,3958.36,withdrawal,failed
NET_1,TX_291462,CUST_10,2024-01-01 19:28:54,186.1,deposit,completed
NET_1,TX_795994,CUST_10,2024-09-06 17:24:01,751.23,deposit,pending
NET_1,TX_388520,CUST_10,2023-11-20 22:59:26,1733.96,deposit,completed
NET_1,TX_267622,CUST_10,2024-03-04 19:55:47,1719.68,withdrawal,completed
NET_1,TX_390290,CUST_10,2024-05-07 09:54:59,2161.29,deposit,completed
NET_1,TX_786139,CUST_10,2023-12-24 16:03:44,1913.82,deposit,failed
NET_1,TX_555242,CUST_10,2024-06-01 14:16:16,3912.96,withdrawal,pending
NET_1,TX_609205,CUST_10,2024-05-10 20:21:26,3750.28,deposit,completed
NET_1,TX_669569,CUST_10,2023-10-22 17:35:56,2656.88,withdrawal,failed
NET_1,TX_956961,CUST_10,2024-07-26 20:58:18,1996.5,deposit,completed
NET_1,TX_315871,CUST_10,2024-01-10 09:35:16,853.06,withdrawal,completed
NET_1,TX_952296,CUST_10,2023-10-01 22:05:03,809.78,deposit,pending
NET_1,TX_556629,CUST_10,2024-02-01 05:11:55,126.45,withdrawal,completed
NET_1,TX_799168,CUST_10,2024-05-12 08:31:48,3508.13,deposit,completed
NET_1,TX_132556,CUST_11,2023-12-11 16:55:22,218.8,withdrawal,failed
NET_1,TX_919879,CUST_11,2024-06-02 08:28:19,1281.99,withdrawal,completed
NET_1,TX_376674,CUST_11,2024-04-15 16:01:50,4020.47,withdrawal,completed
NET_1,TX_791609,CUST_11,2023-11-18 02:54:57,4659.59,deposit,completed
NET_1,TX_556522,CUST_11,2024-01-23 08:01:30,3594.21,deposit,completed
NET_1,TX_507261,CUST_11,2024-05-13 18:49:08,3603.39,withdrawal,completed
NET_1,TX_207408,CUST_11,2024-04-14 10:39:10,589.15,deposit,completed
NET_1,TX_561664,CUST_11,2023-10-10 05:21:37,4150.75,deposit,completed
NET_1,TX_623140,CUST_11,2023-11-23 18:21:49,3746.59,deposit,pending
NET_1,TX_665800,CUST_11,2023-09-28 02:16:33,4513.9,withdrawal,pending
NET_1,TX_305118,CUST_11,2024-05-18 19:04:10,1559.94,deposit,failed
NET_1,TX_751029,CUST_11,2024-07-16 04:06:57,4969.91,deposit,failed
NET_1,TX_219445,CUST_11,2023-10-04 13:53:47,2195.18,deposit,completed
NET_1,TX_799681,CUST_11,2024-02-12 02:45:44,4779.9,withdrawal,failed
NET_1,TX_690348,CUST_11,2024-02-26 02:52:39,3172.62,withdrawal,completed
NET_1,TX_866365,CUST_11,2023-09-21 22:29:23,4279.38,deposit,completed
NET_1,TX_707601,CUST_11,2023-11-15 01:43:34,1462.46,withdrawal,completed
NET_1,TX_688675,CUST_11,2024-06-09 09:04:15,665.05,withdrawal,completed
NET_1,TX_832032,CUST_11,2024-05-25 21:15:58,906.94,deposit,pending
NET_1,TX_274761,CUST_11,2023-12-07 15:52:21,4172.4,deposit,completed
NET_1,TX_433976,CUST_11,2024-03-22 23:51:13,4421.11,deposit,failed
NET_1,TX_192259,CUST_11,2023-11-05 08:58:43,4153.31,deposit,pending
NET_1,TX_445263,CUST_11,2024-03-08 02:44:57,2513.51,deposit,completed
NET_1,TX_642275,CUST_11,2024-06-03 16:57:00,1643.64,deposit,completed
NET_1,TX_332787,CUST_11,2023-11-11 21:20:42,3903.38,withdrawal,failed
NET_1,TX_383455,CUST_11,2023-10-21 04:22:03,4331.72,withdrawal,pending
NET_1,TX_222631,CUST_11,2024-01-14 21:20:38,1088.97,withdrawal,failed
NET_1,TX_537848,CUST_11,2024-09-01 03:23:15,3488.01,deposit,completed
NET_1,TX_925332,CUST_11,2024-07-05 19:59:27,545.61,withdrawal,failed
NET_1,TX_712083,CUST_11,2024-07-23 21:13:51,1349.91,deposit,completed
NET_1,TX_655788,CUST_11,2024-05-16 19:39:29,1081.17,withdrawal,completed
NET_1,TX_487199,CUST_11,2024-08-18 20:48:17,193.41,withdrawal,completed
NET_1,TX_644501,CUST_11,2024-04-12 18:11:58,2817.8,deposit,completed
NET_1,TX_439279,CUST_11,2024-05-14 03:57:27,4327.16,deposit,failed
NET_1,TX_118766,CUST_11,2024-07-17 05:56:08,2451.79,withdrawal,completed
NET_1,TX_161761,CUST_11,2024-03-02 00:31:33,2671.42,deposit,completed
NET_1,TX_469982,CUST_11,2023-10-08 08:52:39,4345.04,deposit,failed
NET_1,TX_438326,CUST_11,2024-03-23 20:09:03,4039.55,deposit,pending
NET_1,TX_629769,CUST_11,2024-02-13 12:17:59,4195.66,deposit,completed
NET_1,TX_618406,CUST_11,2023-12-07 01:58:26,2699.07,withdrawal,completed
NET_1,TX_556766,CUST_11,2024-07-12 09:24:27,3873.15,deposit,completed
NET_1,TX_517526,CUST_11,2024-07-07 17:04:56,4472.91,deposit,completed
NET_1,TX_182509,CUST_11,2023-10-08 18:48:52,4903.63,deposit,completed
NET_1,TX_664149,CUST_11,2024-09-06 15:56:02,3380.44,withdrawal,pending
NET_1,TX_944199,CUST_11,2024-05-02 08:01:10,1264.86,deposit,completed
NET_1,TX_618164,CUST_11,2024-03-22 02:50:14,837.46,withdrawal,failed
NET_1,TX_514143,CUST_11,2024-03-17 06:23:44,2339.47,deposit,completed
NET_1,TX_878239,CUST_11,2024-03-30 20:54:20,961.67,withdrawal,failed
NET_1,TX_245543,CUST_11,2024-06-05 03:53:27,1645.77,withdrawal,completed
NET_1,TX_924780,CUST_11,2024-02-04 02:16:23,551.25,withdrawal,failed
NET_1,TX_709297,CUST_11,2024-04-18 21:27:02,4068.08,deposit,completed
NET_1,TX_124773,CUST_11,2023-10-21 17:37:24,1852.63,withdrawal,completed
NET_1,TX_676569,CUST_11,2024-04-23 00:08:34,4960.99,withdrawal,completed
NET_1,TX_749459,CUST_11,2024-01-14 05:19:28,4401.34,deposit,completed
NET_1,TX_700686,CUST_11,2024-04-27 02:53:27,376.97,deposit,completed
NET_1,TX_830066,CUST_11,2023-12-29 10:19:32,4653.62,deposit,completed
NET_1,TX_537442,CUST_11,2024-06-30 08:43:20,4971.03,deposit,completed
NET_1,TX_106360,CUST_11,2024-04-11 09:29:12,4503.49,withdrawal,completed
NET_1,TX_396523,CUST_11,2023-12-10 14:38:56,818.58,withdrawal,completed
NET_1,TX_968097,CUST_11,2024-04-03 18:28:35,4775.12,withdrawal,completed
NET_1,TX_845121,CUST_11,2024-05-17 18:41:12,3151.61,deposit,completed
NET_1,TX_678549,CUST_11,2024-05-05 01:27:41,3978.91,deposit,completed
NET_1,TX_255179,CUST_11,2024-08-30 18:50:58,4630.63,deposit,completed
NET_1,TX_840608,CUST_11,2023-10-20 09:38:27,3920.35,withdrawal,completed
NET_1,TX_322266,CUST_12,2023-11-10 01:29:45,3618.01,deposit,completed
NET_1,TX_569082,CUST_12,2023-12-22 09:10:59,528.65,deposit,failed
NET_1,TX_851656,CUST_12,2024-04-28 02:26:26,3816.37,withdrawal,completed
NET_1,TX_745723,CUST_12,2023-12-10 17:01:04,2494.37,deposit,completed
NET_1,TX_846450,CUST_12,2024-03-21 16:07:02,1962.9,deposit,completed
NET_1,TX_169358,CUST_12,2023-10-30 01:25:17,3746.3,withdrawal,completed
NET_1,TX_380809,CUST_12,2023-09-26 18:06:11,136.12,deposit,pending
NET_1,TX_450588,CUST_12,2024-03-15 19:48:34,1938.79,deposit,completed
NET_1,TX_356612,CUST_12,2024-05-29 06:12:48,2469.85,deposit,completed
NET_1,TX_103123,CUST_12,2023-12-31 15:23:15,1081.34,withdrawal,pending
NET_1,TX_200107,CUST_12,2024-03-22 19:12:53,4416.39,deposit,failed
NET_1,TX_610881,CUST_12,2023-12-29 04:56:01,3656.06,deposit,completed
NET_1,TX_739627,CUST_12,2023-11-25 05:48:39,2842.33,withdrawal,completed
NET_1,TX_611141,CUST_12,2024-03-08 18:08:04,3571.51,withdrawal,completed
NET_1,TX_913931,CUST_12,2024-04-26 06:07:52,2056.82,deposit,completed
NET_1,TX_831155,CUST_12,2024-04-28 06:24:11,1379.52,deposit,pending
NET_1,TX_367549,CUST_12,2023-12-26 00:34:07,1800.85,deposit,completed
NET_1,TX_422282,CUST_12,2024-08-31 03:20:15,3419.5,deposit,pending
NET_1,TX_679160,CUST_12,2024-07-13 16:55:04,517.41,deposit,completed
NET_1,TX_668310,CUST_12,2024-07-30 05:42:02,1444.61,withdrawal,completed
NET_1,TX_436462,CUST_12,2024-01-15 04:58:19,2369.66,withdrawal,completed
NET_1,TX_764206,CUST_12,2024-08-09 16:48:40,4021.65,deposit,completed
NET_1,TX_460542,CUST_12,2024-01-07 02:31:37,3076.0,withdrawal,pending
NET_1,TX_233386,CUST_12,2024-01-31 09:38:35,1859.18,deposit,failed
NET_1,TX_897048,CUST_12,2024-02-03 04:58:27,4273.35,deposit,completed
NET_1,TX_267642,CUST_12,2024-04-07 18:33:16,1485.61,withdrawal,completed
NET_1,TX_298277,CUST_12,2024-06-19 02:08:40,1533.05,withdrawal,completed
NET_1,TX_163633,CUST_12,2023-11-19 18:56:10,2629.78,withdrawal,completed
NET_1,TX_308846,CUST_12,2023-11-24 14:57:24,2973.7,deposit,completed
NET_1,TX_553824,CUST_12,2024-01-03 14:24:10,4887.89,withdrawal,completed
NET_1,TX_532901,CUST_12,2024-04-01 16:31:51,2040.04,deposit,pending
NET_1,TX_789521,CUST_12,2024-08-03 08:29:34,1304.09,withdrawal,pending
NET_1,TX_175593,CUST_12,2024-05-30 16:02:35,2161.63,deposit,failed
NET_1,TX_100433,CUST_12,2024-01-30 18:26:23,1665.27,withdrawal,completed
NET_1,TX_547583,CUST_12,2024-09-20 00:55:14,822.65,deposit,completed
NET_1,TX_447398,CUST_12,2023-11-11 04:27:39,1740.08,deposit,completed
NET_1,TX_734173,CUST_13,2024-01-31 18:45:23,4693.16,deposit,completed
NET_1,TX_204562,CUST_13,2024-01-22 12:40:32,2663.04,withdrawal,failed
NET_1,TX_840373,CUST_13,2024-03-20 10:09:36,733.14,deposit,failed
NET_1,TX_921069,CUST_14,2024-06-10 12:04:28,794.68,deposit,completed
NET_1,TX_494030,CUST_14,2024-04-13 07:16:30,2963.63,deposit,completed
NET_1,TX_268381,CUST_14,2023-12-25 00:15:19,3044.27,deposit,pending
NET_1,TX_596997,CUST_14,2024-02-15 20:32:14,2072.87,deposit,completed
NET_1,TX_987874,CUST_14,2024-07-28 13:34:30,2971.73,withdrawal,failed
NET_1,TX_108399,CUST_14,2024-04-17 11:12:17,4914.8,deposit,completed
NET_1,TX_844355,CUST_14,2024-03-13 20:07:05,2685.11,deposit,completed
NET_1,TX_140716,CUST_14,2024-08-03 19:26:22,1053.81,deposit,completed
NET_1,TX_703492,CUST_14,2024-09-19 21:57:50,3811.42,withdrawal,completed
NET_1,TX_227691,CUST_14,2024-07-03 06:22:19,400.72,withdrawal,completed
NET_1,TX_383612,CUST_14,2024-08-27 18:44:14,351.54,deposit,completed
NET_1,TX_970712,CUST_14,2024-05-28 04:41:25,4062.82,deposit,completed
NET_1,TX_339030,CUST_14,2024-04-03 01:59:22,4472.7,withdrawal,completed
NET_1,TX_868536,CUST_14,2024-07-16 04:13:54,2863.15,deposit,completed
NET_1,TX_439171,CUST_14,2024-08-05 03:03:04,2179.93,withdrawal,completed
NET_1,TX_667154,CUST_14,2024-06-22 15:04:16,2363.57,withdrawal,completed
NET_1,TX_905208,CUST_14,2024-07-29 23:56:53,3354.09,deposit,completed
NET_1,TX_897034,CUST_14,2023-09-28 19:18:06,4006.08,withdrawal,completed
NET_1,TX_874190,CUST_14,2023-09-28 09:25:20,4291.85,withdrawal,completed
NET_1,TX_772991,CUST_14,2024-02-05 01:22:41,3039.06,deposit,pending
NET_1,TX_685309,CUST_14,2024-03-12 09:27:18,3883.26,withdrawal,completed
NET_1,TX_647812,CUST_14,2024-05-28 16:22:26,1464.59,withdrawal,completed
NET_1,TX_552522,CUST_14,2024-05-08 06:52:36,1548.08,withdrawal,completed
NET_1,TX_429469,CUST_14,2024-02-08 01:23:14,411.83,withdrawal,failed
NET_1,TX_831621,CUST_14,2024-02-26 01:35:45,3898.97,withdrawal,completed
NET_1,TX_870945,CUST_14,2024-04-13 13:26:56,3917.62,withdrawal,completed
NET_1,TX_970085,CUST_14,2024-07-28 17:38:53,3477.29,deposit,completed
NET_1,TX_906441,CUST_14,2024-03-03 17:23:51,3761.58,deposit,pending
NET_1,TX_725219,CUST_14,2024-05-20 01:38:23,2077.44,deposit,failed
NET_1,TX_812442,CUST_15,2024-03-04 23:49:07,680.18,deposit,completed
NET_1,TX_350460,CUST_15,2023-11-05 03:44:16,2985.61,deposit,completed
NET_1,TX_929580,CUST_15,2024-08-05 07:31:39,3557.36,withdrawal,completed
NET_1,TX_507053,CUST_15,2024-02-01 10:06:17,1890.83,withdrawal,failed
NET_1,TX_526333,CUST_15,2024-03-26 08:19:36,4655.72,deposit,completed
NET_1,TX_986262,CUST_15,2023-12-24 12:59:14,4548.75,deposit,completed
NET_1,TX_430640,CUST_15,2024-09-18 06:38:02,2832.41,withdrawal,completed
NET_1,TX_157697,CUST_15,2023-10-10 12:08:09,3318.26,withdrawal,failed
NET_1,TX_902727,CUST_15,2024-03-07 04:27:39,2484.75,deposit,pending
NET_1,TX_169292,CUST_15,2024-02-07 09:15:03,394.88,deposit,completed
NET_1,TX_467636,CUST_15,2024-06-05 21:42:55,2758.26,deposit,completed
NET_1,TX_511250,CUST_15,2024-02-10 11:10:46,832.28,deposit,pending
NET_1,TX_330848,CUST_15,2024-07-26 19:50:09,2754.07,deposit,completed
NET_1,TX_688451,CUST_15,2023-10-06 22:39:27,4408.84,withdrawal,completed
NET_1,TX_474716,CUST_15,2024-08-12 07:18:27,361.54,withdrawal,completed
NET_1,TX_581640,CUST_15,2024-06-13 17:45:19,691.37,withdrawal,completed
NET_1,TX_268752,CUST_15,2024-09-03 18:36:46,2389.86,deposit,completed
NET_1,TX_167875,CUST_15,2023-10-05 23:36:32,2628.35,deposit,completed
NET_1,TX_528914,CUST_15,2024-01-29 14:52:57,3358.33,deposit,completed
NET_1,TX_633400,CUST_15,2023-10-15 00:38:33,630.4,withdrawal,failed
NET_1,TX_887054,CUST_15,2024-02-02 03:54:36,2964.35,deposit,completed
NET_1,TX_768445,CUST_15,2023-12-21 05:41:37,161.11,withdrawal,completed
NET_1,TX_675323,CUST_15,2024-06-01 00:14:27,850.17,deposit,failed
NET_1,TX_913606,CUST_15,2024-05-26 13:33:48,2347.51,deposit,completed
NET_1,TX_183841,CUST_15,2023-10-06 01:01:41,4483.52,deposit,completed
NET_1,TX_537407,CUST_15,2024-01-15 11:09:50,1170.78,deposit,completed
NET_1,TX_177421,CUST_15,2024-06-28 08:21:53,330.55,withdrawal,pending
NET_1,TX_935382,CUST_15,2024-08-19 10:26:11,1367.51,withdrawal,completed
NET_1,TX_739161,CUST_15,2024-08-26 08:06:41,84.46,withdrawal,completed
NET_1,TX_667488,CUST_15,2024-09-17 05:14:42,2721.32,withdrawal,completed
NET_1,TX_413386,CUST_15,2024-07-02 12:59:26,1206.91,deposit,completed
NET_1,TX_873708,CUST_15,2024-03-21 02:50:00,1688.1,withdrawal,completed
NET_1,TX_146355,CUST_15,2024-08-20 10:43:58,116.14,withdrawal,pending
NET_1,TX_659963,CUST_15,2024-03-13 19:27:07,2690.53,deposit,completed
NET_1,TX_523470,CUST_15,2024-04-04 05:05:14,1008.69,deposit,failed
NET_1,TX_418283,CUST_15,2024-08-18 08:56:45,228.16,withdrawal,completed
NET_1,TX_608433,CUST_15,2024-01-14 07:25:10,3462.09,withdrawal,failed
NET_1,TX_274322,CUST_15,2023-11-14 04:26:37,1472.53,deposit,failed
NET_1,TX_305128,CUST_15,2023-10-04 06:03:32,2150.66,deposit,completed
NET_1,TX_259009,CUST_15,2023-11-25 05:48:07,4469.26,withdrawal,failed
NET_1,TX_647842,CUST_15,2024-03-06 18:11:14,414.15,deposit,failed
NET_1,TX_270506,CUST_15,2023-10-02 23:26:55,3688.29,withdrawal,completed
NET_1,TX_420413,CUST_15,2024-06-26 04:36:43,4810.85,withdrawal,completed
NET_1,TX_894394,CUST_15,2024-07-17 09:46:43,1223.96,withdrawal,completed
NET_1,TX_253333,CUST_15,2023-10-14 17:47:04,1279.9,withdrawal,pending
NET_1,TX_598714,CUST_15,2024-07-10 21:11:44,1308.47,deposit,failed
NET_1,TX_851010,CUST_15,2024-06-17 07:50:09,3338.02,deposit,completed
NET_1,TX_991520,CUST_15,2023-12-11 20:08:28,2767.6,deposit,completed
NET_1,TX_754801,CUST_15,2023-12-09 22:40:38,3910.95,deposit,completed
NET_1,TX_560710,CUST_15,2024-01-28 01:15:43,2156.19,withdrawal,completed
NET_1,TX_439281,CUST_15,2024-02-13 05:50:51,4131.76,withdrawal,failed
NET_1,TX_919412,CUST_15,2023-10-24 16:11:48,349.45,withdrawal,failed
NET_1,TX_433987,CUST_15,2024-06-02 21:05:48,2991.55,deposit,failed
NET_1,TX_945439,CUST_15,2024-02-21 03:43:25,4430.35,deposit,completed
NET_1,TX_667289,CUST_15,2024-01-05 02:49:26,3688.69,withdrawal,failed
NET_1,TX_195003,CUST_15,2024-07-05 19:13:05,2946.24,deposit,failed
NET_1,TX_534333,CUST_15,2023-12-04 01:45:51,1767.76,withdrawal,pending
NET_1,TX_875860,CUST_15,2024-05-03 02:01:01,1641.2,withdrawal,pending
NET_1,TX_292467,CUST_15,2024-09-02 19:33:50,4079.79,deposit,failed
NET_1,TX_227484,CUST_15,2024-04-12 05:27:09,4241.92,withdrawal,completed
NET_1,TX_430090,CUST_15,2024-09-04 16:14:06,623.86,withdrawal,failed
NET_1,TX_832965,CUST_15,2024-09-16 00:52:08,4435.47,deposit,completed
NET_1,TX_672001,CUST_15,2024-08-20 23:38:18,3574.23,withdrawal,completed
NET_1,TX_765203,CUST_15,2024-01-04 01:44:03,97.58,deposit,completed
NET_1,TX_762370,CUST_15,2024-03-14 12:54:49,4255.4,withdrawal,pending
NET_1,TX_314613,CUST_15,2023-11-24 21:03:15,58.22,withdrawal,completed
NET_1,TX_148958,CUST_15,2024-01-20 17:08:03,65.39,withdrawal,completed
NET_1,TX_845066,CUST_15,2023-10-26 18:55:31,3148.93,withdrawal,completed
NET_1,TX_402655,CUST_15,2024-05-13 14:55:18,3697.71,deposit,completed
NET_1,TX_821293,CUST_15,2023-10-14 04:00:41,4329.09,withdrawal,completed
NET_1,TX_681866,CUST_15,2024-02-11 20:17:11,3801.5,withdrawal,completed
NET_1,TX_881290,CUST_15,2023-11-26 01:35:47,422.75,withdrawal,completed
NET_1,TX_792439,CUST_15,2024-02-04 23:55:11,2301.73,deposit,pending
NET_1,TX_213797,CUST_15,2024-01-06 07:48:10,3995.72,withdrawal,pending
NET_1,TX_658020,CUST_15,2024-05-10 15:15:04,4120.71,deposit,completed
NET_1,TX_700661,CUST_15,2024-03-14 11:27:23,4555.44,deposit,completed
NET_1,TX_851298,CUST_15,2024-03-25 05:14:50,1909.26,deposit,pending
NET_1,TX_288607,CUST_15,2023-12-04 09:10:57,4283.31,deposit,completed
NET_1,TX_477697,CUST_15,2024-07-12 05:53:44,4580.81,deposit,pending
NET_1,TX_988009,CUST_15,2024-03-05 12:31:22,220.01,deposit,completed
NET_1,TX_471810,CUST_15,2023-11-11 08:29:52,883.46,deposit,pending
NET_1,TX_389840,CUST_16,2024-08-21 18:40:52,3291.7,withdrawal,completed
NET_1,TX_747771,CUST_16,2024-06-13 21:55:21,1612.24,withdrawal,completed
NET_1,TX_456047,CUST_16,2024-01-31 19:27:46,1698.62,withdrawal,completed
NET_1,TX_374575,CUST_16,2023-10-12 11:22:51,3654.32,deposit,completed
NET_1,TX_341392,CUST_16,2024-01-02 22:56:00,3190.36,deposit,completed
NET_1,TX_497726,CUST_16,2024-05-03 18:49:46,2145.54,withdrawal,completed
NET_1,TX_819988,CUST_16,2023-12-04 03:41:36,1211.8,withdrawal,completed
NET_1,TX_279906,CUST_16,2024-03-25 20:23:01,1354.62,deposit,completed
NET_1,TX_465374,CUST_16,2024-02-04 09:07:09,3942.17,withdrawal,failed
NET_1,TX_555935,CUST_16,2024-07-09 16:07:21,1494.31,deposit,failed
NET_1,TX_101707,CUST_16,2024-02-20 21:32:56,128.97,deposit,completed
NET_1,TX_579331,CUST_16,2024-04-10 03:08:55,3911.37,withdrawal,completed
NET_1,TX_995167,CUST_16,2024-09-07 18:40:08,3508.91,withdrawal,completed
NET_1,TX_602474,CUST_16,2024-06-05 12:33:06,3492.65,deposit,pending
NET_1,TX_905832,CUST_16,2023-12-12 09:53:20,2626.6,deposit,failed
NET_1,TX_865052,CUST_16,2024-01-09 01:15:13,1136.56,withdrawal,completed
NET_1,TX_633231,CUST_16,2024-03-29 10:47:23,3539.59,deposit,completed
NET_1,TX_924797,CUST_16,2024-05-04 05:01:31,87.1,deposit,failed
NET_1,TX_279337,CUST_16,2023-12-14 00:51:00,4589.15,deposit,failed
NET_1,TX_910558,CUST_16,2024-07-28 12:20:59,3099.83,withdrawal,completed
NET_1,TX_351612,CUST_16,2023-10-27 13:43:45,758.57,withdrawal,completed
NET_1,TX_340668,CUST_16,2023-12-08 08:45:29,1311.94,deposit,completed
NET_1,TX_586946,CUST_17,2024-07-20 22:08:08,2992.36,withdrawal,completed
NET_1,TX_314980,CUST_17,2023-10-15 21:57:21,3822.68,withdrawal,failed
NET_1,TX_645532,CUST_17,2024-05-30 23:38:15,4357.0,deposit,completed
NET_1,TX_901455,CUST_17,2024-05-18 19:27:21,877.27,withdrawal,completed
NET_1,TX_574439,CUST_17,2023-11-03 22:16:47,1295.88,deposit,completed
NET_1,TX_492213,CUST_17,2024-07-01 22:05:37,2788.45,withdrawal,completed
NET_1,TX_709124,CUST_17,2024-05-09 04:34:10,436.84,deposit,completed
NET_1,TX_671527,CUST_17,2023-10-22 09:18:18,3938.74,withdrawal,completed
NET_1,TX_599761,CUST_17,2024-05-03 10:28:02,4886.11,withdrawal,failed
NET_1,TX_410690,CUST_17,2024-05-18 00:35:12,3951.9,deposit,completed
NET_1,TX_796370,CUST_17,2023-12-05 17:47:31,1245.93,withdrawal,completed
NET_1,TX_635994,CUST_17,2024-07-07 12:16:18,3120.6,deposit,completed
NET_1,TX_205005,CUST_17,2024-06-16 15:09:16,4705.53,withdrawal,completed
NET_1,TX_755421,CUST_17,2023-11-19 08:40:23,322.07,withdrawal,failed
NET_1,TX_861323,CUST_17,2024-09-11 12:25:44,3507.95,deposit,pending
NET_1,TX_563442,CUST_17,2023-11-08 06:28:33,4903.02,deposit,completed
NET_1,TX_199263,CUST_17,2024-03-02 00:21:59,3977.92,deposit,completed
NET_1,TX_319412,CUST_17,2024-02-03 21:27:00,1411.61,deposit,completed
NET_1,TX_494934,CUST_17,2024-02-20 22:02:59,959.93,withdrawal,completed
NET_1,TX_961681,CUST_17,2024-06-18 00:42:00,3862.09,deposit,failed
NET_1,TX_960812,CUST_17,2023-12-28 00:58:45,244.12,withdrawal,completed
NET_1,TX_638516,CUST_17,2024-08-14 02:40:06,4387.28,withdrawal,completed
NET_1,TX_899237,CUST_17,2024-01-08 16:43:59,4386.11,deposit,completed
NET_1,TX_827313,CUST_17,2024-05-04 13:58:13,3343.79,withdrawal,pending
NET_1,TX_135698,CUST_17,2024-04-28 02:23:15,3527.09,deposit,completed
NET_1,TX_382298,CUST_17,2024-01-15 16:30:17,2846.32,withdrawal,failed
NET_1,TX_485566,CUST_17,2023-11-26 14:18:40,3833.84,withdrawal,failed
NET_1,TX_942481,CUST_17,2024-05-20 17:44:06,4484.14,withdrawal,completed
NET_1,TX_742688,CUST_18,2024-05-30 09:13:35,3739.72,deposit,completed
NET_1,TX_990440,CUST_18,2024-06-13 05:52:39,389.12,deposit,completed
NET_1,TX_584883,CUST_18,2024-03-28 22:54:07,4842.53,withdrawal,failed
NET_1,TX_970467,CUST_18,2024-06-06 23:39:57,3066.23,withdrawal,completed
NET_1,TX_369102,CUST_18,2023-10-27 09:51:30,1579.11,withdrawal,completed
NET_1,TX_892124,CUST_18,2024-05-19 08:31:53,1241.9,deposit,completed
NET_1,TX_956204,CUST_18,2024-01-16 13:52:48,2718.3,deposit,completed
NET_1,TX_750115,CUST_18,2023-10-10 02:03:53,466.62,deposit,failed
NET_1,TX_945306,CUST_18,2024-08-24 18:06:03,1554.44,deposit,completed
NET_1,TX_354925,CUST_18,2023-10-21 05:08:04,2667.79,withdrawal,failed
NET_1,TX_927095,CUST_18,2024-07-25 20:15:36,4852.14,withdrawal,completed
NET_1,TX_267134,CUST_18,2023-11-10 21:21:34,1563.2,withdrawal,completed
NET_1,TX_282366,CUST_18,2024-04-03 11:45:46,2048.95,withdrawal,failed
NET_1,TX_384472,CUST_18,2024-08-28 08:23:33,369.07,withdrawal,completed
NET_1,TX_144827,CUST_18,2023-10-24 01:25:45,4057.36,deposit,completed
NET_1,TX_558297,CUST_18,2023-09-25 01:44:10,2034.16,deposit,completed
NET_1,TX_367854,CUST_18,2023-12-29 05:05:01,3894.56,deposit,failed
NET_1,TX_412127,CUST_18,2024-06-25 00:07:45,3835.58,withdrawal,failed
NET_1,TX_602509,CUST_18,2024-01-01 19:22:30,313.94,withdrawal,failed
NET_1,TX_740864,CUST_18,2024-05-05 11:18:58,4255.65,withdrawal,pending
NET_1,TX_401194,CUST_18,2024-05-25 23:41:33,323.05,withdrawal,completed
NET_1,TX_211580,CUST_18,2024-03-07 12:49:00,2415.6,deposit,completed
NET_1,TX_377769,CUST_18,2023-12-12 01:40:05,2702.54,withdrawal,completed
NET_1,TX_680722,CUST_18,2024-03-28 18:15:01,2920.1,deposit,completed
NET_1,TX_542111,CUST_18,2024-04-13 09:21:49,4901.91,deposit,completed
NET_1,TX_307492,CUST_18,2024-05-12 20:19:17,143.49,withdrawal,completed
NET_1,TX_223620,CUST_18,2023-11-18 05:48:16,2169.99,deposit,failed
NET_1,TX_398279,CUST_18,2023-10-22 01:57:31,4059.52,withdrawal,completed
NET_1,TX_904132,CUST_18,2024-07-10 19:09:42,2194.21,deposit,completed
NET_1,TX_193152,CUST_18,2023-10-28 02:56:20,4025.71,deposit,completed
NET_1,TX_698422,CUST_18,2024-07-20 12:03:17,670.05,deposit,pending
NET_1,TX_343387,CUST_18,2024-04-02 07:27:26,3131.78,deposit,failed
NET_1,TX_747294,CUST_18,2023-12-25 15:02:39,4691.13,withdrawal,pending
NET_1,TX_376864,CUST_18,2023-09-28 10:47:25,3295.81,withdrawal,failed
NET_1,TX_390855,CUST_18,2024-01-31 14:48:29,1740.93,withdrawal,completed
NET_1,TX_117822,CUST_18,2023-10-16 08:20:08,1258.56,withdrawal,completed
NET_1,TX_839432,CUST_18,2024-04-03 17:08:37,400.98,withdrawal,completed
NET_1,TX_522931,CUST_19,2024-07-18 22:23:14,3132.8,withdrawal,failed
NET_1,TX_481143,CUST_19,2024-03-02 22:42:11,1917.15,withdrawal,completed
NET_1,TX_360170,CUST_19,2024-04-25 20:11:07,3517.23,withdrawal,completed
NET_1,TX_280241,CUST_19,2024-07-22 11:15:09,4466.3,deposit,failed
NET_1,TX_693106,CUST_19,2024-01-25 00:27:06,4293.63,withdrawal,completed
NET_1,TX_329415,CUST_19,2024-08-15 01:25:25,1500.07,deposit,failed
NET_1,TX_776051,CUST_19,2024-07-06 16:05:21,3320.64,deposit,failed
NET_1,TX_794904,CUST_19,2024-09-10 02:28:44,4668.44,deposit,pending
NET_1,TX_456566,CUST_19,2023-12-04 10:32:24,4417.57,withdrawal,completed
NET_1,TX_798852,CUST_19,2024-01-05 09:12:13,2280.62,deposit,completed
NET_1,TX_264313,CUST_19,2023-11-23 07:30:19,3059.69,deposit,pending
NET_1,TX_906297,CUST_19,2024-04-13 20:30:13,3844.02,deposit,completed
NET_1,TX_202340,CUST_19,2024-04-30 03:08:15,2321.96,deposit,pending
NET_1,TX_161406,CUST_19,2024-08-14 00:53:38,2107.28,withdrawal,completed
NET_1,TX_897615,CUST_19,2024-07-30 07:02:57,2513.42,withdrawal,completed
NET_1,TX_568209,CUST_19,2024-03-02 02:48:31,748.98,withdrawal,pending
NET_1,TX_566972,CUST_19,2024-07-11 01:58:34,2396.07,withdrawal,completed
NET_1,TX_845153,CUST_19,2024-03-03 09:38:34,391.08,deposit,completed
NET_1,TX_240730,CUST_19,2023-10-02 03:10:32,2770.99,deposit,completed
NET_1,TX_844605,CUST_19,2024-04-11 23:22:03,3897.77,deposit,completed
NET_1,TX_146427,CUST_19,2024-07-25 14:32:57,3718.27,withdrawal,completed
NET_1,TX_418201,CUST_19,2024-01-22 02:22:38,2285.1,deposit,completed
NET_1,TX_853993,CUST_19,2023-10-23 12:37:02,4212.88,deposit,pending
NET_1,TX_625472,CUST_19,2023-11-09 07:05:02,250.8,withdrawal,completed
NET_1,TX_109120,CUST_19,2024-07-14 11:08:59,2899.3,deposit,completed
NET_1,TX_362875,CUST_19,2023-11-22 18:03:49,3647.18,deposit,completed
NET_1,TX_112975,CUST_19,2024-06-17 09:18:29,1993.32,withdrawal,completed
NET_1,TX_979960,CUST_19,2024-02-18 12:00:22,3900.79,withdrawal,completed
NET_1,TX_569648,CUST_19,2024-08-12 18:54:55,1347.11,deposit,completed
NET_1,TX_675194,CUST_19,2024-05-17 05:23:24,4193.89,withdrawal,completed
NET_1,TX_555234,CUST_19,2024-07-18 06:00:57,4074.41,deposit,pending
NET_1,TX_540808,CUST_19,2024-09-03 11:32:29,2029.83,withdrawal,completed
NET_1,TX_186755,CUST_19,2024-09-10 21:11:27,2513.58,deposit,pending
NET_1,TX_340992,CUST_19,2023-10-13 12:22:37,3503.05,deposit,completed
NET_1,TX_697270,CUST_19,2024-05-16 03:58:11,4718.36,withdrawal,completed
NET_1,TX_184976,CUST_19,2024-06-02 09:49:59,90.4,deposit,completed
NET_1,TX_658774,CUST_19,2024-04-11 03:49:34,175.91,deposit,completed
NET_1,TX_700880,CUST_19,2023-09-22 23:45:28,2792.66,deposit,completed
NET_1,TX_839000,CUST_19,2023-10-01 20:43:56,4354.85,deposit,completed
NET_1,TX_951821,CUST_19,2024-06-13 15:32:24,3617.98,withdrawal,completed
NET_1,TX_140929,CUST_19,2024-04-21 15:40:12,4347.84,deposit,completed
NET_1,TX_879298,CUST_19,2023-11-22 00:33:31,4310.95,deposit,failed
NET_1,TX_756995,CUST_20,2024-06-10 21:12:51,1777.46,deposit,pending
NET_1,TX_389053,CUST_20,2024-02-09 14:40:01,2370.69,withdrawal,completed
NET_1,TX_376389,CUST_20,2024-05-12 06:14:33,1026.49,withdrawal,completed
NET_1,TX_535681,CUST_20,2024-07-26 23:45:54,1678.06,withdrawal,completed
NET_1,TX_242535,CUST_20,2024-07-16 17:38:04,3508.06,withdrawal,completed
NET_1,TX_540626,CUST_20,2023-11-24 03:15:47,2123.2,deposit,completed
NET_1,TX_153205,CUST_20,2024-04-09 22:34:40,1393.56,withdrawal,completed
NET_1,TX_585494,CUST_20,2024-04-25 20:00:46,4533.82,deposit,completed
NET_1,TX_708685,CUST_20,2024-03-14 11:39:05,4601.18,deposit,completed
NET_1,TX_852283,CUST_20,2023-10-22 18:08:14,2899.57,deposit,failed
NET_1,TX_689584,CUST_20,2024-08-24 04:49:57,4458.1,deposit,completed
NET_1,TX_334102,CUST_20,2024-08-09 11:01:59,3152.72,deposit,completed
NET_1,TX_328525,CUST_20,2024-08-14 05:10:19,154.38,deposit,completed
NET_1,TX_219566,CUST_20,2024-01-29 05:56:27,3168.9,deposit,completed
NET_1,TX_958373,CUST_20,2024-05-01 04:34:28,3723.56,deposit,completed
NET_1,TX_777889,CUST_20,2024-08-31 20:49:51,2479.2,deposit,completed
NET_1,TX_661747,CUST_20,2023-09-24 17:59:44,1365.54,withdrawal,completed
NET_1,TX_234965,CUST_20,2024-03-24 05:34:11,3364.59,withdrawal,failed
